商品名	出品ID	出品者SKU	価格	数量	出品日	商品IDタイプ	コンディション説明	コンディション	国外へ配送可	迅速な配送	商品ID	在庫数	フルフィルメント・チャンネル	merchant-shipping-group	ポイント
どろ豆乳石鹸どろあわわ 110g	0115UT8YCFD	20180115B019SVI6PW1447	2736		2018/01/15 11:23:34 JST	1		11			B019SVI6PW		AMAZON_JP	移行された配送パターン	
無農薬・無化学肥料のモリンガ葉100% 使用 1000mg×30袋 ダイエットサプリ マルチビタミンサプリメント すっきりミラクルモリンガ 9000億個の乳酸菌、自然由来の121種類の酵素、6種類のベリー素材、21種類の野菜、17種類のスーパーフード、15種類の美容成分を配合	0513U9N8ITK	20180430fba	6980		2018/05/13 12:58:01 JST	1	新品	11			B07CRBWK34		AMAZON_JP	移行された配送パターン	
ボニックプロ BONIC Pro 【国内正規代理店品】(本体単品)	0115UT956L1	2018B075SWF5CR8424	16524		2018/01/15 11:27:05 JST	1		11			B075SWF5CR		AMAZON_JP	移行された配送パターン	
パナソニック スチーマー ナノケア W温冷エステタイプ ピンク調 EH-SA97-P	0406SGXWE0D	0406maepana16800	27000		2017/04/06 11:54:03 JST	1		11			B01LAF3U5U		AMAZON_JP	移行された配送パターン	
パナソニック ラムダッシュ メンズシェーバー 5枚刃 シルバー調 ES-LV9B-S	0406SGY6HD7	0406maepana22000	34500		2017/04/06 11:55:44 JST	1		11			B01IBBX7IG		AMAZON_JP	移行された配送パターン	
バルミューダ スチームオーブントースター BALMUDA The Toaster K01E-WS（ホワイト）	1002SOQLX5V	2017100215860B01MUUOD1O	22800		2017/10/02 16:24:52 JST	1		11			B01MUUOD1O		AMAZON_JP	移行された配送パターン	
バルミューダ スチームオーブントースター BALMUDA The Toaster K01E-KG（ブラック）	1002SOQH661	2017100215860B01N5XVIOK	23800		2017/10/02 16:23:52 JST	1		11			B01N5XVIOK		AMAZON_JP	移行された配送パターン	
バルミューダ 電気ケトル BALMUDA The Pot K02A-WH（ホワイト）	1108SKF03LD	20171109B01M070OKO7776	11524		2017/11/09 06:36:37 JST	1		11			B01M070OKO		AMAZON_JP	移行された配送パターン	
バルミューダ 電気ケトル BALMUDA The Pot K02A-BK（ブラック）	1108SKEZ431	20171109B01M1HTWGZ7776	11524		2017/11/09 06:35:44 JST	1		11			B01M1HTWGZ		AMAZON_JP	移行された配送パターン	
バルミューダ 3合炊き 電気炊飯器 BALMUDA The Gohan バルミューダ ザ・ゴハン K03A-WH ホワイト	1108SKEU3E1	20171109B01NBX0HC729160	36800		2017/11/09 06:33:29 JST	1		11			B01NBX0HC7		AMAZON_JP	移行された配送パターン	
バルミューダ 3合炊き 電気炊飯器 BALMUDA The Gohan バルミューダ ザ・ゴハン K03A-BK ブラック	1120SDQ6CUJ	20171120B01N24RCQ729160	40344		2017/11/20 12:46:00 JST	1		11			B01N24RCQ7		AMAZON_JP	移行された配送パターン	
